RunNames,RunIDs
wandering-dust-71,aig7kpmx
drawn-bush-70,3m1iz5kj
earthy-field-65,4s53fdpo
fresh-snowball-63,ryqnznvo
colorful-salad-61,08ozgaci
unique-feather-59,kmlnllyv
giddy-paper-55,mxurjxx4
cool-music-54,g7610rwl
golden-valley-52,5b1ok2ek
dainty-monkey-50,dc0mriad
stellar-donkey-49,fhl7jj5v
icy-silence-44,9tg9hicf
rare-night-43,s1r4qdwt
volcanic-flower-42,lquc29mr
resilient-waterfall-41,59c61phz
dulcet-pine-40,gj8i50vw
lyric-firefly-36,r9h3r65y
decent-thunder-35,4pt90wdd
northern-resonance-26,d96dmhsa
splendid-dawn-22,wxe3pjwt
